Workbook

Sheet Scan Tests
A1: Test # | B1: Date | C1: Vendor | D1: Invoice Type | E1: Pages | F1: Items on Invoice | G1: Items Detected | H1: Detection % | I1: Prices Correct? | J1: Total Match? | K1: Math Gap ($) | L1: Edits Needed | M1: Result | N1: Notes
A2: 1 | H2: =IF(F2="","",G2/F2)
A3: 2 | H3: =IF(F3="","",G3/F3)
A4: 3 | H4: =IF(F4="","",G4/F4)
A5: 4 | H5: =IF(F5="","",G5/F5)
A6: 5 | H6: =IF(F6="","",G6/F6)
A7: 6 | H7: =IF(F7="","",G7/F7)
A8: 7 | H8: =IF(F8="","",G8/F8)
A9: 8 | H9: =IF(F9="","",G9/F9)
A10: 9 | H10: =IF(F10="","",G10/F10)
A11: 10 | H11: =IF(F11="","",G11/F11)
A12: 11 | H12: =IF(F12="","",G12/F12)
A13: 12 | H13: =IF(F13="","",G13/F13)
... A31: 30 | H31: =IF(F31="","",G31/F31)
A33: Legend: | B33: PASS = all items + prices correct | E33: PARTIAL = items right, some prices off | I33: FAIL = missing items or major errors

Sheet Feature Tests
A1: Feature / Test Case | B1: Status | C1: Date Tested | D1: Issue Found | E1: Notes
A2: SCANNING
A3: Single image (camera)
A4: Single image (gallery)
A5: Single PDF upload
A6: Multi-page (2 images)
A7: Multi-page (3+ images)
A8: Multi-page PDF
A9: Landscape invoice photo
A10: Low-light / blurry photo
A12: RESULTS & EDITING
A13: Tap item to edit
A14: Change quantity
... A42: Other vendor: ___________

Sheet Dashboard
A1: TicketSnap Test Dashboard
A3: Total Scans Run | B3: =COUNTA('Scan Tests'!C2:C31) -> 0
A4: Pass Rate | B4: =COUNTIF('Scan Tests'!M2:M31,"PASS")/COUNTA('Scan Tests'!M2:M31) -> #DIV/0!
A5: Avg Detection % | B5: =AVERAGE('Scan Tests'!H2:H31) -> #DIV/0!
A6: Avg Edits Needed | B6: =AVERAGE('Scan Tests'!L2:L31) -> #DIV/0!
A7: Features Passed | B7: =COUNTIF('Feature Tests'!B2:B50,"PASS") -> 0
A8: Features Failed | B8: =COUNTIF('Feature Tests'!B2:B50,"FAIL") -> 0
A9: Features Untested | B9: =COUNTIF('Feature Tests'!B2:B50,"") -> 49
A11: Vendor Breakdown
A12: Vendor | B12: Scans | C12: Avg Detection | D12: Avg Edits | E12: Pass Rate
A13: Artignetti | B13: =COUNTIF('Scan Tests'!C:C,"*Artignetti*") -> 0 | C13: =AVERAGEIF('Scan Tests'!C:C,"*Artignetti*",'Scan Tests'!H:H) -> #DIV/0! | D13: =AVERAGEIF('Scan Tests'!C:C,"*Artignetti*",'Scan Tests'!L:L) -> #DIV/0! | E13: =COUNTIFS('Scan Tests'!C:C,"*Artignetti*",'Scan Tests'!M:M,"PASS")/COUNTIF('Scan Tests'!C:C,"*Artignetti*") -> #DIV/0!
A14: Sysco | B14: =COUNTIF('Scan Tests'!C:C,"*Sysco*") -> 0 | C14: =AVERAGEIF('Scan Tests'!C:C,"*Sysco*",'Scan Tests'!H:H) -> #DIV/0! | D14: =AVERAGEIF('Scan Tests'!C:C,"*Sysco*",'Scan Tests'!L:L) -> #DIV/0! | E14: =COUNTIFS('Scan Tests'!C:C,"*Sysco*",'Scan Tests'!M:M,"PASS")/COUNTIF('Scan Tests'!C:C,"*Sysco*") -> #DIV/0!
A15: US Foods | B15: =COUNTIF('Scan Tests'!C:C,"*US Foods*") -> 0 | C15: =AVERAGEIF('Scan Tests'!C:C,"*US Foods*",'Scan Tests'!H:H) -> #DIV/0! | D15: =AVERAGEIF('Scan Tests'!C:C,"*US Foods*",'Scan Tests'!L:L) -> #DIV/0! | E15: =COUNTIFS('Scan Tests'!C:C,"*US Foods*",'Scan Tests'!M:M,"PASS")/COUNTIF('Scan Tests'!C:C,"*US Foods*") -> #DIV/0!
A16: Restaurant Depot | B16: =COUNTIF('Scan Tests'!C:C,"*Restaurant Depot*") -> 0 | C16: =AVERAGEIF('Scan Tests'!C:C,"*Restaurant Depot*",'Scan Tests'!H:H) -> #DIV/0! | D16: =AVERAGEIF('Scan Tests'!C:C,"*Restaurant Depot*",'Scan Tests'!L:L) -> #DIV/0! | E16: =COUNTIFS('Scan Tests'!C:C,"*Restaurant Depot*",'Scan Tests'!M:M,"PASS")/COUNTIF('Scan Tests'!C:C,"*Restaurant Depot*") -> #DIV/0!
A17: Southern Glazer's | B17: =COUNTIF('Scan Tests'!C:C,"*Southern Glazer's*") -> 0 | C17: =AVERAGEIF('Scan Tests'!C:C,"*Southern Glazer's*",'Scan Tests'!H:H) -> #DIV/0! | D17: =AVERAGEIF('Scan Tests'!C:C,"*Southern Glazer's*",'Scan Tests'!L:L) -> #DIV/0! | E17: =COUNTIFS('Scan Tests'!C:C,"*Southern Glazer's*",'Scan Tests'!M:M,"PASS")/COUNTIF('Scan Tests'!C:C,"*Southern Glazer's*") -> #DIV/0!
A18: Performance | B18: =COUNTIF('Scan Tests'!C:C,"*Performance*") -> 0 | C18: =AVERAGEIF('Scan Tests'!C:C,"*Performance*",'Scan Tests'!H:H) -> #DIV/0! | D18: =AVERAGEIF('Scan Tests'!C:C,"*Performance*",'Scan Tests'!L:L) -> #DIV/0! | E18: =COUNTIFS('Scan Tests'!C:C,"*Performance*",'Scan Tests'!M:M,"PASS")/COUNTIF('Scan Tests'!C:C,"*Performance*") -> #DIV/0!
